{"cameraMode":{"drawMode":0,"name":"Shaded","section":"Shading Mode"},"sceneLighting":false,"audioPlay":false,"sceneViewState":{"m_AlwaysRefresh":false,"showFog":true,"showSkybox":false,"showFlares":true,"showImageEffects":true,"showParticleSystems":true,"showVisualEffectGraphs":true,"m_FxEnabled":true},"in2DMode":false,"pivot":{"x":36.949432373046878,"y":7.448635101318359,"z":-60.343589782714847},"rotation":{"x":0.059496715664863589,"y":0.6437828540802002,"z":-0.050317153334617618,"w":0.7612308859825134},"size":25.497055053710939,"orthographic":false}