{"cameraMode":{"drawMode":0,"name":"Shaded","section":"Shading Mode"},"sceneLighting":true,"audioPlay":false,"sceneViewState":{"m_AlwaysRefresh":false,"showFog":true,"showSkybox":true,"showFlares":true,"showImageEffects":true,"showParticleSystems":true,"showVisualEffectGraphs":true,"m_FxEnabled":true},"in2DMode":false,"pivot":{"x":36.40863800048828,"y":-34.93170928955078,"z":77.02420043945313},"rotation":{"x":0.21425682306289674,"y":-0.024625107645988466,"z":0.0054020993411540989,"w":0.9764558672904968},"size":105.42666625976563,"orthographic":false}