{"cameraMode":{"drawMode":0,"name":"Shaded","section":"Shading Mode"},"sceneLighting":false,"audioPlay":false,"sceneViewState":{"m_AlwaysRefresh":false,"showFog":true,"showSkybox":false,"showFlares":true,"showImageEffects":true,"showParticleSystems":true,"showVisualEffectGraphs":true,"m_FxEnabled":true},"in2DMode":false,"pivot":{"x":0.09369897842407227,"y":0.5530601143836975,"z":-4.9363203048706059},"rotation":{"x":0.10404804348945618,"y":-0.46332985162734988,"z":0.05488644540309906,"w":0.8783506751060486},"size":1.8482637405395508,"orthographic":false}