{"cameraMode":{"drawMode":0,"name":"Shaded","section":"Shading Mode"},"sceneLighting":false,"audioPlay":false,"sceneViewState":{"m_AlwaysRefresh":false,"showFog":true,"showSkybox":false,"showFlares":true,"showImageEffects":true,"showParticleSystems":true,"showVisualEffectGraphs":true,"m_FxEnabled":true},"in2DMode":false,"pivot":{"x":23.731101989746095,"y":12.033180236816407,"z":-11.389410018920899},"rotation":{"x":0.12284243851900101,"y":0.3015626072883606,"z":-0.03921390324831009,"w":0.9446868896484375},"size":44.329952239990237,"orthographic":false}